Date,Description,Amount,Category
2026-09-01,SALARY,25000.00,
2026-09-02,RENT PAYMENT,-7500.00,
2026-09-03,GROCERIES,-1250.50,
2026-09-05,TAXI FARE,-185.00,
2026-09-06,TAKEAWAY ORDER,-145.00,
2026-09-07,AIRTIME PURCHASE,-99.00,
2026-09-10,MOVIE TICKETS,-199.00,
2026-09-12,PREPAID ELECTRICITY,-650.00,
2026-09-15,MONTHLY ACCOUNT FEE,-75.00,
2026-09-18,SOMETHING UNUSUAL,-60.00,
2026-09-20,CORNER SHOP,-430.20,Groceries
2026-09-22,BAD AMOUNT ROW,abc,
2026-31-09,BAD DATE ROW,-10.00,
2026-09-05,TAXI FARE,-185.00,